{
  "num_frames_eval": 267373,
  "mae_all_dims": 0.18751852214336395,
  "rmse_all_dims": 0.38480401039123535,
  "mae_per_dim": [
    0.1631028801202774,
    0.12772011756896973,
    0.14367657899856567,
    0.11280929297208786,
    0.12714706361293793,
    0.20058804750442505,
    0.43756014108657837
  ]
}