{
  "num_frames_eval": 267373,
  "mae_all_dims": 0.16960158944129944,
  "rmse_all_dims": 0.35737159848213196,
  "mae_per_dim": [
    0.14817065000534058,
    0.11682906746864319,
    0.1307367980480194,
    0.10872454196214676,
    0.11916691809892654,
    0.1802240014076233,
    0.3832971751689911
  ]
}